{
"lengthUnit": "mil",
"remark": [],
"components": {
	"fields": ["COMPONENT_NO", "COMPONENT_NAME", "LAYER", "X_COORDINATE", "Y_COORDINATE", "ANGLE"],
	"rows": [
		[1, "C1", "T", 2280, -1185, 0],
		[2, "LED1", "T", 455, -1315, 0],
		[3, "R1", "T", 2275, -840, 0],
		[4, "U1", "T", 2280, -1010, 0],
		[5, "U2", "T", 2950, -990, 90],
		[6, "PAD1", "T", 2307.56, -1185, 0],
		[7, "PAD2", "T", 2252.44, -1185, 0],
		[8, "PAD3", "T", 413.65, -1315, 0],
		[9, "PAD4", "T", 496.35, -1315, 0],
		[10, "PAD5", "T", 2304.66, -840, 0],
		[11, "PAD6", "T", 2245.34, -840, 0],
		[12, "PAD7", "T", 2256.38, -1010, 0],
		[13, "PAD8", "T", 2260.32, -984.41, 0],
		[14, "PAD9", "T", 2280, -984.41, 0],
		[15, "PAD10", "T", 2280, -1035.59, 0],
		[16, "PAD11", "T", 2260.32, -1035.59, 0],
		[17, "PAD12", "T", 2425, -1015, 0],
		[18, "PAD13", "T", 2575, -965, 0],
		[19, "PAD13", "B", 2575, -965, 0]
	]
},
"pins": {
	"fields": ["PIN_NO", "PIN_NAME", "PIN_X", "PIN_Y", "LAYER", "PIN_TYPE", "NET_NAME", "NET_TYPE", "PAD_SHAPE", "PAD_SIZEX", "PAD_SIZEY", "HOLE_SIZE", "HOLE_LEN", "PAD_ANGLE"],
	"rows": [
		[1, "C1_1", 2252.44, -1185, "T", "SMD", "$1N452", "", "R", 31.496, 35.433, 0, 0, 0],
		[2, "C1_2", 2307.56, -1185, "T", "SMD", "$1N446", "", "R", 31.496, 35.433, 0, 0, 0],
		[3, "LED1_1", 496.35, -1315, "T", "SMD", "$1N452", "", "R", 39.37, 55.1, 0, 0, 180],
		[4, "LED1_2", 413.65, -1315, "T", "SMD", "$1N452", "", "R", 39.37, 55.1, 0, 0, 180],
		[5, "R1_1", 2245.34, -840, "T", "SMD", "$1N452", "", "R", 31.751, 34.016, 0, 0, 0],
		[6, "R1_2", 2304.66, -840, "T", "SMD", "$1N446", "", "R", 31.751, 34.016, 0, 0, 0],
		[7, "U1_1", 2260.32, -1035.59, "T", "SMD", "$1N460", "", "R", 19.685, 11.024, 0, 0, 90],
		[8, "U1_2", 2280, -1035.59, "T", "SMD", "$1N452", "", "R", 19.685, 11.024, 0, 0, 90],
		[9, "U1_3", 2299.68, -1035.59, "T", "SMD", "NET_1", "", "R", 19.685, 11.024, 0, 0, 90],
		[10, "U1_4", 2303.62, -1010, "T", "SMD", "NET_2", "", "R", 17.717, 11.811, 0, 0, 180],
		[11, "U1_5", 2299.69, -984.41, "T", "SMD", "NET_3", "", "R", 19.685, 11.024, 0, 0, 90],
		[12, "U1_6", 2280, -984.41, "T", "SMD", "$1N446", "", "R", 19.685, 11.024, 0, 0, 90],
		[13, "U1_7", 2260.32, -984.41, "T", "SMD", "$1N446", "", "R", 19.685, 11.024, 0, 0, 90],
		[14, "U1_8", 2256.38, -1010, "T", "SMD", "$1N465", "", "R", 17.717, 11.811, 0, 0, 180],
		[15, "U2_P$1", 2425, -1015, "T", "SMD", "$1N465", "", "R", 29.5276, 11.811, 0, 0, 180],
		[16, "U2_P$2", 2575, -965, "T", "DIP", "$1N460", "", "C", 31.811, 31.811, 11.811, 11.811, 90],
		[17, "U2_P$2", 2575, -965, "B", "DIP", "$1N460", "", "C", 31.811, 31.811, 11.811, 11.811, 90],
		[18, "PAD1_2", 2307.56, -1185, "T", "SMD", "$1N446", "", "R", 31.496, 35.433, 0, 0, 0],
		[19, "PAD2_1", 2252.44, -1185, "T", "SMD", "$1N452", "", "R", 31.496, 35.433, 0, 0, 0],
		[20, "PAD3_2", 413.65, -1315, "T", "SMD", "$1N452", "", "R", 39.37, 55.1, 0, 0, 180],
		[21, "PAD4_1", 496.35, -1315, "T", "SMD", "$1N452", "", "R", 39.37, 55.1, 0, 0, 180],
		[22, "PAD5_2", 2304.66, -840, "T", "SMD", "$1N446", "", "R", 31.751, 34.016, 0, 0, 0],
		[23, "PAD6_1", 2245.34, -840, "T", "SMD", "$1N452", "", "R", 31.751, 34.016, 0, 0, 0],
		[24, "PAD7_8", 2256.38, -1010, "T", "SMD", "$1N465", "", "R", 17.717, 11.811, 0, 0, 180],
		[25, "PAD8_7", 2260.32, -984.41, "T", "SMD", "$1N446", "", "R", 19.685, 11.024, 0, 0, 90],
		[26, "PAD9_6", 2280, -984.41, "T", "SMD", "$1N446", "", "R", 19.685, 11.024, 0, 0, 90],
		[27, "PAD10_2", 2280, -1035.59, "T", "SMD", "$1N452", "", "R", 19.685, 11.024, 0, 0, 90],
		[28, "PAD11_1", 2260.32, -1035.59, "T", "SMD", "$1N460", "", "R", 19.685, 11.024, 0, 0, 90],
		[29, "PAD12_P$1", 2425, -1015, "T", "SMD", "$1N465", "", "R", 29.5276, 11.811, 0, 0, 180],
		[30, "PAD13_P$2", 2575, -965, "T", "DIP", "$1N460", "", "C", 31.811, 31.811, 11.811, 11.811, 90],
		[31, "PAD13_P$2", 2575, -965, "B", "DIP", "$1N460", "", "C", 31.811, 31.811, 11.811, 11.811, 90]
	]
}
}